,id,val_dice,val_hd
0,sub-strokecase0003,0.003503577,62.056425936400814
1,sub-strokecase0007,0.00036126582,84.62741869166616
